{
  "1a8765486a2c2a3fc4b6c97a408b2426" : {
    "statistic" : {
      "failed" : 0,
      "broken" : 0,
      "skipped" : 0,
      "passed" : 1,
      "unknown" : 0,
      "total" : 1
    },
    "items" : [ {
      "uid" : "7c7f17b809c76da5",
      "status" : "passed",
      "time" : {
        "start" : 1567681785843,
        "stop" : 1567681785843,
        "duration" : 0
      }
    } ]
  },
  "66aff9bda965d3b72335fd20c9e0e216" : {
    "statistic" : {
      "failed" : 0,
      "broken" : 0,
      "skipped" : 0,
      "passed" : 1,
      "unknown" : 0,
      "total" : 1
    },
    "items" : [ {
      "uid" : "e02b08cca6465c72",
      "status" : "passed",
      "time" : {
        "start" : 1567681785850,
        "stop" : 1567681785850,
        "duration" : 0
      }
    } ]
  },
  "2992952d2cb871bc11d13ab7c5758afe" : {
    "statistic" : {
      "failed" : 0,
      "broken" : 0,
      "skipped" : 0,
      "passed" : 1,
      "unknown" : 0,
      "total" : 1
    },
    "items" : [ {
      "uid" : "9348b7dea51a1a3c",
      "status" : "passed",
      "time" : {
        "start" : 1567680729119,
        "stop" : 1567680729119,
        "duration" : 0
      }
    } ]
  },
  "6eb258248a5197599d4e75f5fc6c382f" : {
    "statistic" : {
      "failed" : 0,
      "broken" : 0,
      "skipped" : 0,
      "passed" : 1,
      "unknown" : 0,
      "total" : 1
    },
    "items" : [ {
      "uid" : "9dda7ff100b34a28",
      "status" : "passed",
      "time" : {
        "start" : 1567680729123,
        "stop" : 1567680729123,
        "duration" : 0
      }
    } ]
  },
  "e3b11dbe37ae61de2c75b3b5f9dd30d9" : {
    "statistic" : {
      "failed" : 0,
      "broken" : 0,
      "skipped" : 0,
      "passed" : 1,
      "unknown" : 0,
      "total" : 1
    },
    "items" : [ {
      "uid" : "457046c819c3b5d2",
      "status" : "passed",
      "time" : {
        "start" : 1567680729121,
        "stop" : 1567680729121,
        "duration" : 0
      }
    } ]
  },
  "d8a88daf0f843d0de9a66f0956a9486c" : {
    "statistic" : {
      "failed" : 0,
      "broken" : 0,
      "skipped" : 0,
      "passed" : 1,
      "unknown" : 0,
      "total" : 1
    },
    "items" : [ {
      "uid" : "9b8c216c9502669c",
      "status" : "passed",
      "time" : {
        "start" : 1567681785853,
        "stop" : 1567681785853,
        "duration" : 0
      }
    } ]
  },
  "a33b7276cbe6bf4b09ded08c9e349a76" : {
    "statistic" : {
      "failed" : 0,
      "broken" : 0,
      "skipped" : 0,
      "passed" : 1,
      "unknown" : 0,
      "total" : 1
    },
    "items" : [ {
      "uid" : "887296c4c4d9633c",
      "status" : "passed",
      "time" : {
        "start" : 1567681785858,
        "stop" : 1567681785858,
        "duration" : 0
      }
    } ]
  },
  "5c4c57b41f6e19b7cb731450df5ea113" : {
    "statistic" : {
      "failed" : 0,
      "broken" : 0,
      "skipped" : 0,
      "passed" : 1,
      "unknown" : 0,
      "total" : 1
    },
    "items" : [ {
      "uid" : "81ffc583d645dca7",
      "status" : "passed",
      "time" : {
        "start" : 1567681785848,
        "stop" : 1567681785848,
        "duration" : 0
      }
    } ]
  }
}