{
  "uid" : "83edc06c07f9ae9e47eb6dd1b683e4e2",
  "name" : "packages",
  "children" : [ {
    "name" : "testcase.t_allure.allure_demo",
    "children" : [ {
      "name" : "测试用例标题1",
      "uid" : "9348b7dea51a1a3c",
      "parentUid" : "d1234fe0b35429cdb4b4aa293d42ee58",
      "status" : "passed",
      "time" : {
        "start" : 1567680729119,
        "stop" : 1567680729119,
        "duration" : 0
      },
      "flaky" : false,
      "parameters" : [ ]
    }, {
      "name" : "测试用例标题2",
      "uid" : "457046c819c3b5d2",
      "parentUid" : "d1234fe0b35429cdb4b4aa293d42ee58",
      "status" : "passed",
      "time" : {
        "start" : 1567680729121,
        "stop" : 1567680729121,
        "duration" : 0
      },
      "flaky" : false,
      "parameters" : [ ]
    }, {
      "name" : "测试用例标题3",
      "uid" : "9dda7ff100b34a28",
      "parentUid" : "d1234fe0b35429cdb4b4aa293d42ee58",
      "status" : "passed",
      "time" : {
        "start" : 1567680729123,
        "stop" : 1567680729123,
        "duration" : 0
      },
      "flaky" : false,
      "parameters" : [ ]
    }, {
      "name" : "测试用例标题1",
      "uid" : "7c7f17b809c76da5",
      "parentUid" : "d1234fe0b35429cdb4b4aa293d42ee58",
      "status" : "passed",
      "time" : {
        "start" : 1567681785843,
        "stop" : 1567681785843,
        "duration" : 0
      },
      "flaky" : false,
      "parameters" : [ ]
    }, {
      "name" : "测试用例标题2",
      "uid" : "81ffc583d645dca7",
      "parentUid" : "d1234fe0b35429cdb4b4aa293d42ee58",
      "status" : "passed",
      "time" : {
        "start" : 1567681785848,
        "stop" : 1567681785848,
        "duration" : 0
      },
      "flaky" : false,
      "parameters" : [ ]
    }, {
      "name" : "测试用例标题3",
      "uid" : "e02b08cca6465c72",
      "parentUid" : "d1234fe0b35429cdb4b4aa293d42ee58",
      "status" : "passed",
      "time" : {
        "start" : 1567681785850,
        "stop" : 1567681785850,
        "duration" : 0
      },
      "flaky" : false,
      "parameters" : [ ]
    }, {
      "name" : "case1",
      "uid" : "9b8c216c9502669c",
      "parentUid" : "d1234fe0b35429cdb4b4aa293d42ee58",
      "status" : "passed",
      "time" : {
        "start" : 1567681785853,
        "stop" : 1567681785853,
        "duration" : 0
      },
      "flaky" : false,
      "parameters" : [ "'case1'" ]
    }, {
      "name" : "case2",
      "uid" : "887296c4c4d9633c",
      "parentUid" : "d1234fe0b35429cdb4b4aa293d42ee58",
      "status" : "passed",
      "time" : {
        "start" : 1567681785858,
        "stop" : 1567681785858,
        "duration" : 0
      },
      "flaky" : false,
      "parameters" : [ "'case2'" ]
    } ],
    "uid" : "testcase.t_allure.allure_demo"
  } ]
}